<?xml version="1.0" encoding="UTF-8" standalone="no"?><creations><creation name="Ahn"><recording bad="n">se206_18-5-2018_12-13-0_Ahn.wav</recording><recording bad="n">Ahn.wav</recording><recording bad="n">Ahn (2).wav</recording></creation><creation name="Antony"><recording bad="n">se206_21-5-2018_14-9-29_Antony.wav</recording></creation><creation name="Ardern"><recording bad="n">se206_27-4-2018_16-8-10_Ardern.wav</recording></creation><creation name="Beena"><recording bad="n">se206_21-5-2018_14-8-47_Beena.wav</recording></creation><creation name="Bruce"><recording bad="n">se206_23-8-2018_21-11-36_Bruce.wav</recording></creation><creation name="Catherine"><recording bad="n">se206_27-4-2018_16-2-23_Catherine.wav</recording></creation><creation name="Chamara"><recording bad="n">se206_18-5-2018_12-57-27_Chamara.wav</recording></creation><creation name="Chen"><recording bad="n">se206_30-4-2018_11-21-35_chen.wav</recording><recording bad="n">se206_16-5-2018_23-37-41_Chen.wav</recording></creation><creation name="Deepika"><recording bad="n">se206_21-5-2018_14-9-57_Deepika.wav</recording></creation><creation name="Dylan"><recording bad="n">se206_18-5-2018_13-0-46_Dylan.wav</recording></creation><creation name="Eleanor"><recording bad="n">se206_27-4-2018_15-56-37_Eleanor.wav</recording></creation><creation name="Eng"><recording bad="n">se206_30-4-2018_9-52-26_Eng.wav</recording></creation><creation name="Eric"><recording bad="n">se206_30-4-2018_11-23-36_eric.wav</recording></creation><creation name="Francis"><recording bad="n">se206_27-4-2018_16-18-3_Francis.wav</recording></creation><creation name="George"><recording bad="n">se206_17-5-2018_18-57-1_george.wav</recording></creation><creation name="Hall"><recording bad="n">se206_18-5-2018_13-1-14_Hall.wav</recording></creation><creation name="Hanyu"><recording bad="n">se206_17-5-2018_14-29-11_Hanyu.wav</recording></creation><creation name="Hywel"><recording bad="n">se206_27-4-2018_20-3-38_hywel.wav</recording></creation><creation name="Ian"><recording bad="n">se206_17-5-2018_17-15-48_Ian.wav</recording></creation><creation name="Isabella"><recording bad="n">se206_18-5-2018_12-8-46_Isabella.wav</recording></creation><creation name="Izzy"><recording bad="n">se206_18-5-2018_12-9-17_Izzy.wav</recording></creation><creation name="Jacinda"><recording bad="n">se206_27-4-2018_16-7-40_Jacinda.wav</recording></creation><creation name="James"><recording bad="n">se206_18-5-2018_16-8-4_James.wav</recording></creation><creation name="Jesin"><recording bad="n">se206_18-5-2018_16-7-33_Jesin.wav</recording></creation><creation name="Jiaqiu"><recording bad="n">se206_17-5-2018_14-13-49_Jiaqiu.wav</recording></creation><creation name="Jonathan"><recording bad="n">se206_2-5-2018_15-47-27_Jonathan.wav</recording><recording bad="n">zkon584_2-5-2018_15-26-44_jonathan.wav</recording></creation><creation name="Junyan"><recording bad="n">se206_16-5-2018_23-34-53_Junyan.wav</recording></creation><creation name="Kachun"><recording bad="n">se206_17-5-2018_14-43-7_Kachun.wav</recording></creation><creation name="Kalana"><recording bad="n">se206_18-5-2018_12-58-21_Kalana.wav</recording></creation><creation name="Kun"><recording bad="n">se206_17-5-2018_14-30-38_Kun.wav</recording></creation><creation name="Lam"><recording bad="n">se206_17-5-2018_14-43-55_Lam.wav</recording></creation><creation name="Lee"><recording bad="n">se206_18-5-2018_11-8-55_Lee.wav</recording><recording bad="n">se206_23-8-2018_20-42-12_Lee.wav</recording></creation><creation name="Li"><recording bad="n">se206_17-5-2018_12-7-35_Li.wav</recording><recording bad="n">se206_17-5-2018_12-5-59_Li.wav</recording><recording bad="n">se206_17-5-2018_12-3-36_Li.wav</recording></creation><creation name="Lin"><recording bad="n">se206_17-5-2018_14-33-23_Lin.wav</recording></creation><creation name="Louis"><recording bad="n">se206_17-5-2018_18-57-48_Louis.wav</recording></creation><creation name="Ma"><recording bad="n">se206_17-5-2018_14-27-14_Ma.wav</recording></creation><creation name="MacDonald"><recording bad="n">se206_23-8-2018_21-13-35_MacDonald.wav</recording></creation><creation name="Maggie"><recording bad="n">se206_18-5-2018_11-6-43_maggie.wav</recording></creation><creation name="Mason"><recording bad="n">se206_2-5-2018_15-23-50_Mason.wav</recording></creation><creation name="Melvin"><recording bad="n">se206_18-5-2018_16-8-39_Melvin.wav</recording></creation><creation name="Ngo"><recording bad="n">se206_18-5-2018_11-7-31_Ngo.wav</recording></creation><creation name="Nicholas"><recording bad="n">se206_30-4-2018_9-42-4_Nicholas.wav</recording></creation><creation name="Patricia"><recording bad="n">se206_17-5-2018_17-20-26_Patricia.wav</recording></creation><creation name="Paul"><recording bad="n">se206_18-5-2018_16-9-14_Paul.wav</recording></creation><creation name="Rajagopal"><recording bad="n">se206_21-5-2018_14-10-29_Rajagopal.wav</recording></creation><creation name="Ratnayake"><recording bad="n">se206_18-5-2018_12-59-6_Ratnayake.wav</recording></creation><creation name="Ruozi"><recording bad="n">se206_17-5-2018_14-28-6_Ruozi.wav</recording></creation><creation name="Saereem"><recording bad="n">se206_18-5-2018_12-12-37_Saereem.wav</recording></creation><creation name="Sean"><recording bad="n">se206_23-8-2018_20-13-44_sean.wav</recording></creation><creation name="Shen"><recording bad="n">se206_17-5-2018_14-23-8_Shen.wav</recording></creation><creation name="Shi"><recording bad="n">se206_2-5-2018_15-31-49_Shi.wav</recording></creation><creation name="Shields"><recording bad="n">se206_18-5-2018_12-10-9_Shields.wav</recording></creation><creation name="Stoakes"><recording bad="n">se206_27-4-2018_20-7-45_stoakes.wav</recording></creation><creation name="Sueyeon"><recording bad="n">se206_18-5-2018_11-8-6_Sueyeon.wav</recording></creation><creation name="Tang"><recording bad="n">se206_30-4-2018_11-20-3_tang.wav</recording></creation><creation name="Thorpe"><recording bad="n">se206_27-4-2018_16-4-11_Thorpe.wav</recording><recording bad="n">se206_27-4-2018_15-52-6_Thorpe.wav</recording></creation><creation name="Tina"><recording bad="n">se206_17-5-2018_14-34-30_Tina.wav</recording></creation><creation name="Wang"><recording bad="n">se206_17-5-2018_14-31-7_Wang.wav</recording></creation><creation name="Watson"><recording bad="n">se206_27-4-2018_15-54-26_Watson.wav</recording></creation><creation name="Wei"><recording bad="n">se206_30-4-2018_11-22-50_wei.wav</recording></creation><creation name="William"><recording bad="n">se206_23-8-2018_20-38-49_William.wav</recording><recording bad="n">se206_27-4-2018_16-5-35_William.wav</recording></creation><creation name="Word"><recording bad="n">se206_8-6-2018_1-58-21_word.wav</recording></creation><creation name="Xiaoran"><recording bad="n">se206_17-5-2018_14-26-41_Xiaoran.wav</recording></creation><creation name="Xuyun"><recording bad="n">se206_4-5-2018_15-56-40_Xuyun.wav</recording></creation><creation name="Yenting"><recording bad="n">se206_17-5-2018_14-32-54_Yenting.wav</recording></creation><creation name="Yeting"><recording bad="n">se206_17-5-2018_14-25-5_Yeting.wav</recording></creation><creation name="Yichen"><recording bad="n">se206_30-4-2018_11-20-46_yichen.wav</recording></creation><creation name="Ying"><recording bad="n">se206_17-5-2018_14-29-56_Ying.wav</recording></creation><creation name="Zhan"><recording bad="n">se206_17-5-2018_14-24-2_Zhan.wav</recording></creation><creation name="Zhang"><recording bad="n">se206_4-5-2018_16-1-13_Zhang.wav</recording><recording bad="n">se206_17-5-2018_14-28-39_Zhang.wav</recording></creation><creation name="Zhao"><recording bad="n">se206_17-5-2018_14-15-7_Zhao.wav</recording></creation><creation name="Zhu"><recording bad="n">se206_17-5-2018_14-25-56_Zhu.wav</recording></creation></creations>